{"1": {"R": [[-0.9059013006181885, 0.4217144115102914, 0.038727105014486805], [0.044493184429779696, 0.1857199061874203, -0.9815948619389944], [-0.4211450938543295, -0.8875049698848251, -0.1870073216538954]], "t": [-234.7208032216618, 464.34018262882194, 5536.652631113797], "f": [1145.04940458804, 1143.78109572365], "c": [512.541504956548, 515.4514869776]}, "2": {"R": [[0.9216646531492915, 0.3879848687925067, -0.0014172943441045224], [0.07721054863099915, -0.18699239961454955, -0.979322405373477], [-0.3802272982247548, 0.9024974149959955, -0.20230080971229314]], "t": [-11.934348472090557, 449.4165893644565, 5541.113551868937], "f": [1149.67569986785, 1147.59161666764], "c": [508.848621645943, 508.064917088557]}, "3": {"R": [[-0.9063540572469627, -0.42053101768163204, -0.04093880896680188], [-0.0603212197838846, 0.22468715090881142, -0.9725620980997899], [0.4181909532208387, -0.8790161246439863, -0.2290130547809762]], "t": [781.127357651581, 235.3131620173424, 5576.37044019807], "f": [1149.14071676148, 1148.7989685676], "c": [519.815837182153, 501.402658888552]}, "4": {"R": [[0.91754082476548, -0.39226322025776267, 0.06517975852741943], [-0.04531905395586976, -0.26600517028098103, -0.9629057236990188], [0.395050652748768, 0.8805514269006645, -0.2618476013752581]], "t": [-155.13650339749012, 422.16256306729633, 4435.416222660868], "f": [1145.51133842318, 1144.77392807652], "c": [514.968197319863, 501.882018537695]}}